﻿<dropbox xmlns:d2l_2p0="http://desire2learn.com/xsd/d2lcp_v2p0"><category name="Module assessments" sort_order="1" id="2"><folder name="Module 1 assessment" id="3" submission_type="0" allow_text_submission="False" completion_type="0" allowable_file_type="1" folder_type="2" sort_order="2" out_of="7.000000000" grade_item="McG-4058225" folder_is_retricted="false" files_per_submission="1" submissions="3" resource_code="McG-4058221" is_hidden="false"><instructions text_type="text/html"><text>&lt;p&gt;Please upload a single PDF file with hyperlinks to any additional images, videos, data, or program code you wish to have taken into account in the grading of the assessment. Please indicate clearly whether you chose the hands-on or the conceptual option, as well as where the basic stage ends and the (optional) advanced stage begins.&amp;nbsp;&lt;/p&gt;</text></instructions></folder><folder name="Module 2 assessment" id="4" submission_type="0" allow_text_submission="False" completion_type="0" allowable_file_type="1" folder_type="2" sort_order="5" out_of="7.000000000" grade_item="McG-4058263" folder_is_retricted="false" files_per_submission="1" submissions="3" resource_code="McG-4058240" is_hidden="false"><instructions text_type="text/html"><text>&lt;p&gt;Please upload a single PDF file with hyperlinks to any additional images, videos, data, or program code you wish to have taken into account in the grading of the assessment. Please indicate clearly whether you chose the hands-on or the conceptual option, as well as where the basic stage ends and the (optional) advanced stage begins.&amp;nbsp;&lt;/p&gt;</text></instructions></folder><folder name="Module 3 assessment" id="5" submission_type="0" allow_text_submission="False" completion_type="0" allowable_file_type="1" folder_type="2" sort_order="6" out_of="7.000000000" grade_item="McG-4058264" folder_is_retricted="false" files_per_submission="1" submissions="3" resource_code="McG-4058241" is_hidden="false"><instructions text_type="text/html"><text>&lt;p&gt;Please upload a single PDF file with hyperlinks to any additional images, videos, data, or program code you wish to have taken into account in the grading of the assessment. Please indicate clearly whether you chose the hands-on or the conceptual option, as well as where the basic stage ends and the (optional) advanced stage begins.&amp;nbsp;&lt;/p&gt;</text></instructions></folder><folder name="Module 4 assessment" id="6" submission_type="0" allow_text_submission="False" completion_type="0" allowable_file_type="1" folder_type="2" sort_order="7" out_of="7.000000000" grade_item="McG-4058265" folder_is_retricted="false" files_per_submission="1" submissions="3" resource_code="McG-4058242" is_hidden="false"><instructions text_type="text/html"><text>&lt;p&gt;Please upload a single PDF file with hyperlinks to any additional images, videos, data, or program code you wish to have taken into account in the grading of the assessment. Please indicate clearly whether you chose the hands-on or the conceptual option, as well as where the basic stage ends and the (optional) advanced stage begins.&amp;nbsp;&lt;/p&gt;</text></instructions></folder><folder name="Module 5 assessment" id="7" submission_type="0" allow_text_submission="False" completion_type="0" allowable_file_type="1" folder_type="2" sort_order="8" out_of="7.000000000" grade_item="McG-4058266" folder_is_retricted="false" files_per_submission="1" submissions="3" resource_code="McG-4058244" is_hidden="false"><instructions text_type="text/html"><text>&lt;p&gt;Please upload a single PDF file with hyperlinks to any additional images, videos, data, or program code you wish to have taken into account in the grading of the assessment. Please indicate clearly whether you chose the hands-on or the conceptual option, as well as where the basic stage ends and the (optional) advanced stage begins.&amp;nbsp;&lt;/p&gt;</text></instructions></folder><folder name="Module 6 assessment" id="8" submission_type="0" allow_text_submission="False" completion_type="0" allowable_file_type="1" folder_type="2" sort_order="9" out_of="7.000000000" grade_item="McG-4058267" folder_is_retricted="false" files_per_submission="1" submissions="3" resource_code="McG-4058245" is_hidden="false"><instructions text_type="text/html"><text>&lt;p&gt;Please upload a single PDF file with hyperlinks to any additional images, videos, data, or program code you wish to have taken into account in the grading of the assessment. Please indicate clearly whether you chose the hands-on or the conceptual option, as well as where the basic stage ends and the (optional) advanced stage begins.&amp;nbsp;&lt;/p&gt;</text></instructions></folder><folder name="Module 7 assessment" id="9" submission_type="0" allow_text_submission="False" completion_type="0" allowable_file_type="1" folder_type="2" sort_order="10" out_of="7.000000000" grade_item="McG-4058268" folder_is_retricted="false" files_per_submission="1" submissions="3" resource_code="McG-4058249" is_hidden="false"><instructions text_type="text/html"><text>&lt;p&gt;Please upload a single PDF file with hyperlinks to any additional images, videos, data, or program code you wish to have taken into account in the grading of the assessment. Please indicate clearly whether you chose the hands-on or the conceptual option, as well as where the basic stage ends and the (optional) advanced stage begins.&amp;nbsp;&lt;/p&gt;</text></instructions></folder><folder name="Module 8 assessment" id="10" submission_type="0" allow_text_submission="False" completion_type="0" allowable_file_type="1" folder_type="2" sort_order="11" out_of="7.000000000" grade_item="McG-4058269" folder_is_retricted="false" files_per_submission="1" submissions="3" resource_code="McG-4058250" is_hidden="false"><instructions text_type="text/html"><text>&lt;p&gt;Please upload a single PDF file with hyperlinks to any additional images, videos, data, or program code you wish to have taken into account in the grading of the assessment. Please indicate clearly whether you chose the hands-on or the conceptual option, as well as where the basic stage ends and the (optional) advanced stage begins.&amp;nbsp;&lt;/p&gt;</text></instructions></folder><folder name="Module 9 assessment" id="11" submission_type="0" allow_text_submission="False" completion_type="0" allowable_file_type="1" folder_type="2" sort_order="12" out_of="7.000000000" grade_item="McG-4058270" folder_is_retricted="false" files_per_submission="1" submissions="3" resource_code="McG-4058251" is_hidden="false"><instructions text_type="text/html"><text>&lt;p&gt;Please upload a single PDF file with hyperlinks to any additional images, videos, data, or program code you wish to have taken into account in the grading of the assessment. Please indicate clearly whether you chose the hands-on or the conceptual option, as well as where the basic stage ends and the (optional) advanced stage begins.&amp;nbsp;&lt;/p&gt;</text></instructions></folder><folder name="Module 10 assessment" id="12" submission_type="0" allow_text_submission="False" completion_type="0" allowable_file_type="1" folder_type="2" sort_order="13" out_of="7.000000000" grade_item="McG-4058271" folder_is_retricted="false" files_per_submission="1" submissions="3" resource_code="McG-4058252" is_hidden="false"><instructions text_type="text/html"><text>&lt;p&gt;Please upload a single PDF file with hyperlinks to any additional images, videos, data, or program code you wish to have taken into account in the grading of the assessment. Please indicate clearly whether you chose the hands-on or the conceptual option, as well as where the basic stage ends and the (optional) advanced stage begins.&amp;nbsp;&lt;/p&gt;</text></instructions></folder><folder name="Module 11 assessment" id="13" submission_type="0" allow_text_submission="False" completion_type="0" allowable_file_type="1" folder_type="2" sort_order="14" out_of="7.000000000" grade_item="McG-4058272" folder_is_retricted="false" files_per_submission="1" submissions="3" resource_code="McG-4058253" is_hidden="false"><instructions text_type="text/html"><text>&lt;p&gt;Please upload a single PDF file with hyperlinks to any additional images, videos, data, or program code you wish to have taken into account in the grading of the assessment. Please indicate clearly whether you chose the hands-on or the conceptual option, as well as where the basic stage ends and the (optional) advanced stage begins.&amp;nbsp;&lt;/p&gt;</text></instructions></folder><folder name="Module 12 assessment" id="14" submission_type="0" allow_text_submission="False" completion_type="0" allowable_file_type="1" folder_type="2" sort_order="15" out_of="7.000000000" grade_item="McG-4058273" folder_is_retricted="false" files_per_submission="1" submissions="3" resource_code="McG-4058254" is_hidden="false"><instructions text_type="text/html"><text>&lt;p&gt;Please upload a single PDF file with hyperlinks to any additional images, videos, data, or program code you wish to have taken into account in the grading of the assessment. Please indicate clearly whether you chose the hands-on or the conceptual option, as well as where the basic stage ends and the (optional) advanced stage begins.&amp;nbsp;&lt;/p&gt;</text></instructions></folder><folder name="Module 13 assessment" id="15" submission_type="0" allow_text_submission="False" completion_type="0" allowable_file_type="1" folder_type="2" sort_order="16" out_of="7.000000000" grade_item="McG-4058274" folder_is_retricted="false" files_per_submission="1" submissions="3" resource_code="McG-4058255" is_hidden="false"><instructions text_type="text/html"><text>&lt;p&gt;Please upload a single PDF file with hyperlinks to any additional images, videos, data, or program code you wish to have taken into account in the grading of the assessment. Please indicate clearly whether you chose the hands-on or the conceptual option, as well as where the basic stage ends and the (optional) advanced stage begins.&amp;nbsp;&lt;/p&gt;</text></instructions></folder></category><category name="Learning journal" sort_order="2" id="16"><folder name="Learning journal" id="17" submission_type="0" allow_text_submission="False" completion_type="0" allowable_file_type="0" folder_type="2" sort_order="17" out_of="9.000000000" grade_item="McG-4058275" folder_is_retricted="false" files_per_submission="0" submissions="3" resource_code="McG-4058256" is_hidden="false"><instructions text_type="text/html"><text>&lt;p&gt;Please upload a single PDF file where each page corresponds to a module (1 through 13), leaving blank pages for the modules for which you do not wish to submit any journal content. The format is free (text, images) and you may use a multi-page layout to accomodate as much content as you please on the sheet of each module.&amp;nbsp;&lt;/p&gt;</text></instructions></folder></category></dropbox>