﻿<grades xmlns:d2l_2p0="http://desire2learn.com/xsd/d2lcp_v2p0"><schemes><scheme identifier="7484" name="Final Grade - Numeric - 100 to 0" short_name="Final - Numeric" is_valid="true" is_org_scheme="true" /><scheme identifier="7887" name="Final Grade - Letter (Graduate) - A to F" short_name="Final - Letter (Graduate)" is_valid="true" is_org_scheme="true" /><scheme identifier="7888" name="Final Grade - Letter (Undergrad) - A to F" short_name="Final - Letter (Undergrad)" is_valid="true" is_org_scheme="true" /></schemes><configuration><calculation_options auto_update_final_grade="1" grading_system="1" include_empty_grades_in_final="0" release_adjusted_grade="1" auto_release_final_grade="0" /><org_unit_display_options decimals_displayed="2" show_points="1" show_colour="1" show_symbol="1" show_weighted="1" decimals_displayed_my_grades="2" max_characters="50" show_final_grade_calc="0" /></configuration><categories><category id="18" identifier="827289" resource_code="McG-4058276"><name>Module assessment grades</name><short_name>Modules</short_name><sort_order>3</sort_order><show_average>false</show_average><show_distribution>false</show_distribution><description text_type="text/html" is_displayed="false" /><is_active>true</is_active><scoring><weight>91</weight><can_exceed_weight>false</can_exceed_weight><WeightDistributionType>2</WeightDistributionType><is_auto_pointed>false</is_auto_pointed><high_non_bonus_drop>0</high_non_bonus_drop><low_non_bonus_drop>0</low_non_bonus_drop><max_item_points>10</max_item_points><exclude_from_final_grade_calc>false</exclude_from_final_grade_calc></scoring></category><category id="19" identifier="827290" resource_code="McG-4058277"><name>Learning journal grade</name><short_name>Learning journal</short_name><sort_order>17</sort_order><show_average>false</show_average><show_distribution>false</show_distribution><description text_type="text/html" is_displayed="false" /><is_active>true</is_active><scoring><weight>9</weight><can_exceed_weight>true</can_exceed_weight><WeightDistributionType>0</WeightDistributionType><is_auto_pointed>false</is_auto_pointed><high_non_bonus_drop>0</high_non_bonus_drop><low_non_bonus_drop>0</low_non_bonus_drop><max_item_points>10</max_item_points><exclude_from_final_grade_calc>false</exclude_from_final_grade_calc></scoring></category></categories><items><item id="20" identifier="827258" dates_in_calendar="false" resource_code="McG-4058225"><category_id>827289</category_id><name>Module 1 assessment</name><short_name>M1</short_name><sort_order>4</sort_order><show_average>false</show_average><show_distribution>false</show_distribution><description text_type="text/html" is_displayed="false" /><type_id>1</type_id><is_active>true</is_active><scoring><can_exceed_weight>false</can_exceed_weight><out_of>7</out_of><is_bonus>false</is_bonus><max_grade>7.692307692</max_grade><exclude_from_final_grade_calc>false</exclude_from_final_grade_calc><is_milestone_grade>false</is_milestone_grade></scoring></item><item id="21" identifier="827259" dates_in_calendar="false" resource_code="McG-4058226"><category_id>827289</category_id><name>Module 2 assessment</name><short_name>M2</short_name><sort_order>5</sort_order><show_average>false</show_average><show_distribution>false</show_distribution><description text_type="text/html" is_displayed="false" /><type_id>1</type_id><is_active>true</is_active><scoring><can_exceed_weight>false</can_exceed_weight><out_of>7</out_of><is_bonus>false</is_bonus><max_grade>7.692307692</max_grade><exclude_from_final_grade_calc>false</exclude_from_final_grade_calc><is_milestone_grade>false</is_milestone_grade></scoring></item><item id="22" identifier="827260" dates_in_calendar="false" resource_code="McG-4058227"><category_id>827289</category_id><name>Module 3 assessment</name><short_name>M3</short_name><sort_order>6</sort_order><show_average>false</show_average><show_distribution>false</show_distribution><description text_type="text/html" is_displayed="false" /><type_id>1</type_id><is_active>true</is_active><scoring><can_exceed_weight>false</can_exceed_weight><out_of>7</out_of><is_bonus>false</is_bonus><max_grade>7.692307692</max_grade><exclude_from_final_grade_calc>false</exclude_from_final_grade_calc><is_milestone_grade>false</is_milestone_grade></scoring></item><item id="23" identifier="827278" dates_in_calendar="false" resource_code="McG-4058265"><category_id>827289</category_id><name>Module 4 assessment</name><short_name>M4</short_name><sort_order>7</sort_order><show_average>false</show_average><show_distribution>false</show_distribution><description text_type="text/html" is_displayed="false" /><type_id>1</type_id><is_active>true</is_active><scoring><can_exceed_weight>false</can_exceed_weight><out_of>7</out_of><is_bonus>false</is_bonus><max_grade>7.692307692</max_grade><exclude_from_final_grade_calc>false</exclude_from_final_grade_calc><is_milestone_grade>false</is_milestone_grade></scoring></item><item id="24" identifier="827279" dates_in_calendar="false" resource_code="McG-4058266"><category_id>827289</category_id><name>Module 5 assessment</name><short_name>M5</short_name><sort_order>8</sort_order><show_average>false</show_average><show_distribution>false</show_distribution><description text_type="text/html" is_displayed="false" /><type_id>1</type_id><is_active>true</is_active><scoring><can_exceed_weight>false</can_exceed_weight><out_of>7</out_of><is_bonus>false</is_bonus><max_grade>7.692307692</max_grade><exclude_from_final_grade_calc>false</exclude_from_final_grade_calc><is_milestone_grade>false</is_milestone_grade></scoring></item><item id="25" identifier="827280" dates_in_calendar="false" resource_code="McG-4058267"><category_id>827289</category_id><name>Module 6 assessment</name><short_name>M6</short_name><sort_order>9</sort_order><show_average>false</show_average><show_distribution>false</show_distribution><description text_type="text/html" is_displayed="false" /><type_id>1</type_id><is_active>true</is_active><scoring><can_exceed_weight>false</can_exceed_weight><out_of>7</out_of><is_bonus>false</is_bonus><max_grade>7.692307692</max_grade><exclude_from_final_grade_calc>false</exclude_from_final_grade_calc><is_milestone_grade>false</is_milestone_grade></scoring></item><item id="26" identifier="827281" dates_in_calendar="false" resource_code="McG-4058268"><category_id>827289</category_id><name>Module 7 assessment</name><short_name>M7</short_name><sort_order>10</sort_order><show_average>false</show_average><show_distribution>false</show_distribution><description text_type="text/html" is_displayed="false" /><type_id>1</type_id><is_active>true</is_active><scoring><can_exceed_weight>false</can_exceed_weight><out_of>7</out_of><is_bonus>false</is_bonus><max_grade>7.692307692</max_grade><exclude_from_final_grade_calc>false</exclude_from_final_grade_calc><is_milestone_grade>false</is_milestone_grade></scoring></item><item id="27" identifier="827282" dates_in_calendar="false" resource_code="McG-4058269"><category_id>827289</category_id><name>Module 8 assessment</name><short_name>M8</short_name><sort_order>11</sort_order><show_average>false</show_average><show_distribution>false</show_distribution><description text_type="text/html" is_displayed="false" /><type_id>1</type_id><is_active>true</is_active><scoring><can_exceed_weight>false</can_exceed_weight><out_of>7</out_of><is_bonus>false</is_bonus><max_grade>7.692307692</max_grade><exclude_from_final_grade_calc>false</exclude_from_final_grade_calc><is_milestone_grade>false</is_milestone_grade></scoring></item><item id="28" identifier="827283" dates_in_calendar="false" resource_code="McG-4058270"><category_id>827289</category_id><name>Module 9 assessment</name><short_name>M9</short_name><sort_order>12</sort_order><show_average>false</show_average><show_distribution>false</show_distribution><description text_type="text/html" is_displayed="false" /><type_id>1</type_id><is_active>true</is_active><scoring><can_exceed_weight>false</can_exceed_weight><out_of>7</out_of><is_bonus>false</is_bonus><max_grade>7.692307692</max_grade><exclude_from_final_grade_calc>false</exclude_from_final_grade_calc><is_milestone_grade>false</is_milestone_grade></scoring></item><item id="29" identifier="827284" dates_in_calendar="false" resource_code="McG-4058271"><category_id>827289</category_id><name>Module 10 assessment</name><short_name>M10</short_name><sort_order>13</sort_order><show_average>false</show_average><show_distribution>false</show_distribution><description text_type="text/html" is_displayed="false" /><type_id>1</type_id><is_active>true</is_active><scoring><can_exceed_weight>false</can_exceed_weight><out_of>7</out_of><is_bonus>false</is_bonus><max_grade>7.692307692</max_grade><exclude_from_final_grade_calc>false</exclude_from_final_grade_calc><is_milestone_grade>false</is_milestone_grade></scoring></item><item id="30" identifier="827285" dates_in_calendar="false" resource_code="McG-4058272"><category_id>827289</category_id><name>Module 11 assessment</name><short_name>M11</short_name><sort_order>14</sort_order><show_average>false</show_average><show_distribution>false</show_distribution><description text_type="text/html" is_displayed="false" /><type_id>1</type_id><is_active>true</is_active><scoring><can_exceed_weight>false</can_exceed_weight><out_of>7</out_of><is_bonus>false</is_bonus><max_grade>7.692307692</max_grade><exclude_from_final_grade_calc>false</exclude_from_final_grade_calc><is_milestone_grade>false</is_milestone_grade></scoring></item><item id="31" identifier="827286" dates_in_calendar="false" resource_code="McG-4058273"><category_id>827289</category_id><name>Module 12 assessment</name><short_name>M12</short_name><sort_order>15</sort_order><show_average>false</show_average><show_distribution>false</show_distribution><description text_type="text/html" is_displayed="false" /><type_id>1</type_id><is_active>true</is_active><scoring><can_exceed_weight>false</can_exceed_weight><out_of>7</out_of><is_bonus>false</is_bonus><max_grade>7.692307692</max_grade><exclude_from_final_grade_calc>false</exclude_from_final_grade_calc><is_milestone_grade>false</is_milestone_grade></scoring></item><item id="32" identifier="827287" dates_in_calendar="false" resource_code="McG-4058274"><category_id>827289</category_id><name>Module 13 assessment</name><short_name>M13</short_name><sort_order>16</sort_order><show_average>false</show_average><show_distribution>false</show_distribution><description text_type="text/html" is_displayed="false" /><type_id>1</type_id><is_active>true</is_active><scoring><can_exceed_weight>false</can_exceed_weight><out_of>7</out_of><is_bonus>false</is_bonus><max_grade>7.692307692</max_grade><exclude_from_final_grade_calc>false</exclude_from_final_grade_calc><is_milestone_grade>false</is_milestone_grade></scoring></item><item id="33" identifier="827288" dates_in_calendar="false" resource_code="McG-4058275"><category_id>827290</category_id><name>Learning journal</name><short_name /><sort_order>18</sort_order><show_average>false</show_average><show_distribution>false</show_distribution><description text_type="text/html" is_displayed="false" /><type_id>1</type_id><is_active>true</is_active><scoring><can_exceed_weight>true</can_exceed_weight><out_of>9</out_of><is_bonus>false</is_bonus><max_grade>100</max_grade><exclude_from_final_grade_calc>false</exclude_from_final_grade_calc><is_milestone_grade>false</is_milestone_grade></scoring></item></items></grades>