﻿<?xml version="1.0" encoding="UTF-8"?>
<manifest identifier="D2L_656205" xmlns:d2l_2p0="http://desire2learn.com/xsd/d2lcp_v2p0" xmlns:scorm_1p2="http://www.adlnet.org/xsd/adlcp_rootv1p2" xmlns:imsmd="http://www.imsglobal.org/xsd/imsmd_rootv1p2p1" xmlns="http://www.imsglobal.org/xsd/imscp_v1p1">
    <metadata>
        <imsmd:lom>
            <imsmd:general>
                <imsmd:title>
                    <imsmd:langstring xml:lang="en-ca">Fall 2023 - CCCS-610-784 - Digital Thinkng for Data Analy</imsmd:langstring>
                </imsmd:title>
                <imsmd:keyword>
                    <imsmd:langstring xml:lang="en-ca">7717.202309</imsmd:langstring>
                </imsmd:keyword>
                <imsmd:language>en-ca</imsmd:language>
            </imsmd:general>
        </imsmd:lom>
    </metadata>
    <resources>
        <resource identifier="res_quiz_267711" type="webcontent" d2l_2p0:material_type="d2lquiz" d2l_2p0:link_target="" href="quiz_d2l_267711.xml" title="Keeping it Honest" />
        <resource identifier="res_dropbox" type="webcontent" d2l_2p0:material_type="d2ldropbox" d2l_2p0:link_target="" href="dropbox_d2l.xml" title="" />
        <resource identifier="res_grades" type="webcontent" d2l_2p0:material_type="d2lgrades" d2l_2p0:link_target="" href="grades_d2l.xml" title="" />
    </resources>
</manifest>