﻿<news><item id="2"><headline>Welcome to CCCS 610</headline><content text_type="text/html">&lt;p&gt;We will meet on Thursday evenings. The first session is on August 31st. Our Zoom meeting ID is 823 3213 4514 and the passcode is 610.&amp;nbsp;&lt;/p&gt;
&lt;p&gt;We have an MS Team for the course and you can join (using your McGill student email) using the join code &lt;span style="font-family: 'courier new', courier, sans-serif;"&gt;nirrypf&lt;/span&gt;&lt;/p&gt;
&lt;p&gt;Office hours are on Wednesdays from 11 am to 1 pm (even before the first class) at &lt;a rel="noopener" href="https://mcgill.zoom.us/my/satuelisa"&gt;https://mcgill.zoom.us/my/satuelisa&lt;/a&gt; and you can find out more about me on my staff webpage &lt;a rel="noopener" href="https://www.mcgill.ca/continuingstudies/elisa-schaeffer"&gt;https://www.mcgill.ca/continuingstudies/elisa-schaeffer&lt;/a&gt;&lt;/p&gt;
&lt;p&gt;&lt;/p&gt;
&lt;p&gt;&lt;/p&gt;</content><show_date_posted>False</show_date_posted><is_global>False</is_global><is_draft>False</is_draft><only_show_in_course>False</only_show_in_course><sort_order>0</sort_order><date_start>2023-08-02T14:58:00</date_start></item></news>